{ "frames": {
   "LITO IDLE diam kedip.png": {
    "frame": { "x": 0, "y": 0, "w": 672, "h": 48 },
    "rotated": false,
    "trimmed": false,
    "spriteSourceSize": { "x": 0, "y": 0, "w": 672, "h": 48 },
    "sourceSize": { "w": 672, "h": 48 },
    "duration": 100
   }
 },
 "meta": {
  "app": "https://www.aseprite.org/",
  "version": "1.3.2  ",
  "image": "LITO IDLE diam kedip-sheet.png",
  "format": "RGBA8888",
  "size": { "w": 672, "h": 48 },
  "scale": "1",
  "frameTags": [
  ],
  "layers": [
   { "name": "Layer 1", "opacity": 255, "blendMode": "normal" }
  ],
  "slices": [
  ]
 }
}
